"","sub","trial","cond","ex","dist","max_dev","ave_dev","area"
"1",1,2,"Typical","Loewe",1063,85.1,6,46527
"2",1,3,"Typical","Kaninchen",1032.7,65.4,14.6,16242.5
"3",1,4,"Atypical","Seeloewe",1153.5,99.2,18.2,54516
"4",1,5,"Typical","Alligator",1049.8,64.3,20.7,32053.5
"5",1,6,"Atypical","Pinguin",1961.7,623.6,92.5,228192.9
"6",1,7,"Typical","Katze",1587.2,598.2,90.9,315863.5
"7",1,8,"Typical","Spatz",2118.3,880.8,165.5,550035.8
"8",1,9,"Typical","Chamaeleon",1266.9,210.8,28.4,153632.7
"9",1,10,"Typical","Pferd",1150.7,76.8,17.5,51609
"10",1,11,"Atypical","Schmetterling",1028.2,71.3,18,48131.5
"11",1,12,"Typical","Hai",1106,97.7,4.7,70573.3
"12",1,14,"Typical","Falke",1283.2,154.1,19.2,97678.9
"13",1,15,"Atypical","Wal",1026.2,84.5,8,44149.4
"14",1,16,"Atypical","Fledermaus",1039,162.9,8.2,85775.6
"15",1,17,"Typical","Lachs",1447.9,276.2,33.7,207243.5
"16",1,18,"Typical","Goldfisch",1246.3,237.5,31.7,162504.8
"17",1,19,"Typical","Hund",1058.3,66.8,12.3,33117.9
"18",2,1,"Typical","Katze",1032.1,96,17.2,50450.3
"19",2,2,"Atypical","Pinguin",1032.5,31.9,3.3,15579.6
"20",2,3,"Atypical","Schmetterling",2388.8,984.9,180.5,463585
"21",2,4,"Typical","Spatz",986.8,37.9,7.2,22885.6
"22",2,5,"Typical","Falke",1848.5,664.9,92.4,281493.7
"23",2,6,"Atypical","Aal",1173.9,38.1,2.5,21351
"24",2,7,"Typical","Hund",1215.8,17.7,2.2,9951.7
"25",2,8,"Typical","Klapperschlange",1097.8,78.5,5.8,49383.6
"26",2,9,"Atypical","Fledermaus",1055.4,64.9,14.3,13519.3
"27",2,10,"Typical","Goldfisch",1089.2,56.6,19,29887
"28",2,11,"Typical","Loewe",1077.5,26.9,2.2,11485.4
"29",2,12,"Typical","Hai",1161.2,34.6,1.8,16933.5
"30",2,13,"Typical","Kaninchen",1205,193.3,24.6,146548.5
"31",2,14,"Typical","Lachs",1051.4,17.5,1.1,7061.6
"32",2,15,"Typical","Pferd",1140.5,66,7.8,43830
"33",2,16,"Atypical","Wal",2327.8,1019,241.6,458158
"34",2,17,"Typical","Chamaeleon",1145.4,145,22.3,81827.6
"35",2,18,"Atypical","Seeloewe",2937.2,109.7,54,106392.1
"36",2,19,"Typical","Alligator",1122,91.8,17.5,46602.3
"37",3,1,"Typical","Spatz",2175,617.8,148.8,484707.9
"38",3,2,"Typical","Hund",1221.2,44.6,6.7,27802.6
"39",3,3,"Atypical","Wal",2839.9,605.8,103.4,125169
"40",3,4,"Typical","Pferd",1064.9,72.4,35,36334.4
"41",3,5,"Atypical","Schmetterling",1102.5,45.5,6.6,20281.8
"42",3,6,"Atypical","Fledermaus",2078.2,798.6,230.5,494752.5
"43",3,7,"Typical","Alligator",2571.7,972.3,257,414769.9
"44",3,8,"Typical","Falke",2601,878.1,251.4,401384.9
"45",3,9,"Typical","Chamaeleon",2161.2,792.5,136.5,456937.2
"46",3,10,"Typical","Kaninchen",1157.1,141.3,18.5,91712.5
"47",3,11,"Atypical","Pinguin",3118.4,686.6,94.4,223373.1
"48",3,12,"Typical","Katze",2069.7,849,188.3,499195.5
"49",3,13,"Typical","Loewe",1079.5,58.1,9.2,30900.9
"50",3,14,"Atypical","Seeloewe",5241.8,972.4,231.6,388665.9
"51",3,16,"Atypical","Aal",1121.1,126.1,33.5,72342.3
"52",3,17,"Typical","Lachs",1171.8,47,10.2,31908.9
"53",3,18,"Typical","Klapperschlange",1524.1,419.2,43.5,233116.8
"54",3,19,"Typical","Goldfisch",1128,72.7,16.5,55383.5
"55",4,1,"Typical","Katze",1150.2,131.6,47.5,96719
"56",4,2,"Atypical","Fledermaus",2915.1,865.9,248.4,178569.7
"57",4,3,"Typical","Kaninchen",1216.4,189.3,39.8,100422.7
"58",4,4,"Typical","Spatz",1167.8,109.6,30.3,67762
"59",4,5,"Typical","Loewe",1181.9,245.8,36.2,136396.5
"60",4,6,"Typical","Hund",1117.6,179.3,33.4,119374.5
"61",4,7,"Atypical","Wal",3802.7,922.2,248.9,343478
"62",4,8,"Typical","Alligator",1118,172.8,33.4,95513
"63",4,9,"Atypical","Aal",2568.4,1033.9,350.8,367720
"64",4,10,"Typical","Lachs",1131.6,187.3,34.3,126666.4
"65",4,11,"Typical","Goldfisch",1060.8,120.1,20.3,73778
"66",4,12,"Typical","Falke",2336.9,1015.3,313.5,449936
"67",4,13,"Typical","Pferd",1607.5,464.1,89.2,206681.5
"68",4,14,"Typical","Chamaeleon",1137.5,87.4,23.6,43610.7
"69",4,15,"Atypical","Schmetterling",1646.7,240.2,45.8,46308.6
"70",4,16,"Typical","Klapperschlange",2626.9,910.5,380.4,458887.5
"71",4,17,"Atypical","Seeloewe",1829.1,674.1,204.2,406935.1
"72",4,18,"Typical","Hai",1775.3,271.2,61.5,172263
"73",5,1,"Atypical","Fledermaus",1823.7,728,197.6,307093.3
"74",5,2,"Typical","Spatz",1443.9,139.5,14.9,108609.2
"75",5,3,"Typical","Goldfisch",1115.8,190.8,29.4,78586.8
"76",5,4,"Typical","Loewe",1127.3,174,22.2,88708.9
"77",5,5,"Typical","Katze",1053.6,105.8,27.6,64278.3
"78",5,6,"Typical","Alligator",1258.8,198.5,37,118767
"79",5,7,"Atypical","Wal",1732.7,550.1,155.1,285361.9
"80",5,8,"Typical","Lachs",1137.4,189.8,40.3,106540.3
"81",5,9,"Atypical","Pinguin",4400.5,882.6,295.2,161058
"82",5,10,"Typical","Hund",990.6,31,5,15382.2
"83",5,11,"Typical","Chamaeleon",1285.6,341.9,80.2,132728.7
"84",5,12,"Atypical","Aal",1064.6,70.9,18.7,38942.6
"85",5,13,"Typical","Kaninchen",983,113,17.9,54211.6
"86",5,14,"Typical","Pferd",1057.4,61.7,10.9,32383.5
"87",5,15,"Typical","Klapperschlange",1053.7,66.5,14.2,35585.3
"88",5,16,"Typical","Falke",2894,944.6,302.4,228854.4
"89",5,17,"Typical","Hai",1041.6,48,8.3,37220.5
"90",5,18,"Atypical","Seeloewe",998,16.6,6,6492.1
"91",5,19,"Atypical","Schmetterling",1127.8,114.4,27.7,46627.1
"92",6,1,"Atypical","Schmetterling",1650.8,464.9,90.4,275254.4
"93",6,2,"Typical","Katze",1092.8,7.9,1.8,3588.5
"94",6,3,"Typical","Chamaeleon",2262.2,938.4,368.7,604660.5
"95",6,4,"Typical","Goldfisch",953.1,10,2,4509.1
"96",6,5,"Typical","Hund",1045.6,48.5,10.9,33776.1
"97",6,6,"Atypical","Fledermaus",5134.2,1093.6,431,562160.2
"98",6,7,"Typical","Spatz",1365.2,195.8,50.6,132018.8
"99",6,8,"Atypical","Seeloewe",1033,111.8,20.1,33536.7
"100",6,9,"Typical","Pferd",1298,273.6,54.6,157177.7
"101",6,10,"Atypical","Pinguin",2384,1076.2,580.3,526527.5
"102",6,11,"Typical","Loewe",924,84.8,16.4,51009
"103",6,12,"Typical","Kaninchen",1123.2,38.1,5.9,23219.7
"104",6,13,"Atypical","Wal",2355,991.6,473.9,566455
"105",6,14,"Typical","Alligator",1165.3,71.2,11.8,33966.6
"106",6,15,"Atypical","Aal",1073.3,45.6,7.1,28217.8
"107",6,16,"Typical","Hai",1335.8,205.4,32.1,149048.5
"108",6,17,"Typical","Klapperschlange",5573.5,1019.6,395.9,17767.8
"109",6,18,"Typical","Falke",1095.3,61.9,9.4,39084.5
"110",6,19,"Typical","Lachs",1009.8,5.5,0.5,1715.5
"111",7,1,"Typical","Hund",1252.6,35.5,4.7,19981.2
"112",7,2,"Typical","Loewe",1537.8,544.1,128.6,204539.9
"113",7,3,"Typical","Pferd",1050.4,147.3,52.3,101419.5
"114",7,4,"Typical","Goldfisch",1048.3,53.6,12.6,22111.4
"115",7,5,"Typical","Kaninchen",1109.9,61.9,18.5,29034.3
"116",7,6,"Typical","Spatz",1145.5,125.9,22.5,45809.6
"117",7,7,"Typical","Lachs",1167.6,103.3,28.7,65462.4
"118",7,8,"Atypical","Pinguin",2668.5,959.7,497.3,543536
"119",7,9,"Typical","Katze",2191.3,855.8,225.6,270725.5
"120",7,10,"Typical","Alligator",1177.1,281.2,65.6,157152.5
"121",7,11,"Atypical","Aal",1129.7,231.8,52.6,146290.5
"122",7,12,"Typical","Chamaeleon",1026.1,74.8,20.3,38548
"123",7,13,"Atypical","Seeloewe",1050.3,27.9,5.2,12615
"124",7,14,"Typical","Klapperschlange",1101.5,90.7,23.2,53325.3
"125",7,15,"Atypical","Fledermaus",965.2,35.2,10,17521.8
"126",7,16,"Atypical","Schmetterling",1868.5,724.2,196.8,433599
"127",7,17,"Typical","Hai",1582.3,582.4,143,345809.5
"128",7,18,"Typical","Falke",1062.7,68.9,13.1,41504.1
"129",7,19,"Atypical","Wal",2081.9,877,344.1,435991.5
"130",8,1,"Atypical","Pinguin",1069.2,18.4,1.8,10134
"131",8,2,"Typical","Klapperschlange",1052.9,134.4,15.1,56468.8
"132",8,4,"Atypical","Wal",1075.7,74,4.7,44124.8
"133",8,5,"Atypical","Schmetterling",1070.2,92.4,5,62945.4
"134",8,7,"Typical","Spatz",1027.4,77.9,16.9,38501.5
"135",8,8,"Typical","Kaninchen",2622.1,989.5,268.9,181128.5
"136",8,9,"Typical","Lachs",1253.1,128.5,18.7,84863.5
"137",8,10,"Typical","Loewe",1009.1,47.8,4.4,12198.2
"138",8,11,"Typical","Alligator",982.8,29.1,5,16514.3
"139",8,12,"Typical","Falke",1054.4,24.8,3.5,9564.3
"140",8,13,"Typical","Hai",1074.2,57.6,16.9,20672.4
"141",8,14,"Typical","Pferd",1076.5,37,5.9,16401.2
"142",8,15,"Typical","Hund",1005.6,40.7,6.1,21909.9
"143",8,16,"Atypical","Aal",1045.7,92,12,49989.1
"144",8,17,"Typical","Chamaeleon",1060.5,87.1,12.2,50872.7
"145",8,18,"Atypical","Seeloewe",1075.1,88.6,10.3,50213.9
"146",8,19,"Typical","Goldfisch",1838.3,716.5,171,300112.2
"147",9,1,"Typical","Goldfisch",1092.1,74.2,7.3,36134.4
"148",9,2,"Typical","Katze",1029.7,39.6,8.3,16236.8
"149",9,3,"Typical","Alligator",1070.5,96.4,21.3,47211.6
"150",9,4,"Typical","Pferd",1094.3,123.4,21,71570.2
"151",9,5,"Atypical","Schmetterling",1074,106.4,10.1,66580.7
"152",9,7,"Typical","Chamaeleon",1315.2,146.5,20.9,125206.5
"153",9,9,"Atypical","Aal",1103.5,114.9,20.2,47097.9
"154",9,11,"Atypical","Pinguin",1019.5,48.3,17.6,30491
"155",9,12,"Typical","Klapperschlange",2480.9,996.3,322,493614.6
"156",9,13,"Typical","Falke",1165.7,95.2,19.3,50092
"157",9,14,"Typical","Spatz",2040.6,840,214.5,501780.5
"158",9,15,"Typical","Loewe",2884.8,976.1,178.8,177136
"159",9,16,"Typical","Lachs",1482.5,252.3,91,91846.1
"160",9,17,"Typical","Kaninchen",1121.8,87.4,14.6,39055.1
"161",9,19,"Typical","Hund",1325.5,220.6,33.7,139491.4
"162",10,1,"Typical","Hai",1086.8,85.3,12.5,51446.3
"163",10,2,"Typical","Loewe",1717.9,667.7,147.4,334665.5
"164",10,3,"Typical","Klapperschlange",1285.8,54.2,12.1,30745.7
"165",10,4,"Atypical","Seeloewe",1039.3,57.9,8.6,30691.5
"166",10,5,"Typical","Spatz",1073.6,35.2,3.9,11331.3
"167",10,6,"Typical","Alligator",1128,199.5,30.3,106349
"168",10,7,"Atypical","Aal",1045.2,87.2,6.7,51864.7
"169",10,8,"Atypical","Pinguin",1078.3,67.3,12.3,20478.4
"170",10,9,"Typical","Hund",1010.6,94.1,13,54244
"171",10,10,"Typical","Lachs",1036,123.2,27.5,77388.4
"172",10,11,"Typical","Kaninchen",1032.3,23.4,3.7,15225.5
"173",10,12,"Typical","Pferd",1012.1,35.8,9,19502.2
"174",10,13,"Typical","Falke",1083.6,150.2,20.1,87856.3
"175",10,14,"Typical","Katze",1101.6,65.5,6.2,30775.7
"176",10,15,"Atypical","Schmetterling",1260.4,271.3,94.2,111347.5
"177",10,16,"Typical","Goldfisch",1076,64.5,7.8,34897.7
"178",10,17,"Typical","Chamaeleon",1086,63.7,13.4,46029.5
"179",10,18,"Atypical","Fledermaus",1529,504.9,131.7,295971.4
"180",10,19,"Atypical","Wal",1657.2,585.1,147.7,267023.5
"181",11,1,"Typical","Loewe",1244.1,255.4,45.9,99962.1
"182",11,2,"Typical","Chamaeleon",1087.3,40.3,10,24187
"183",11,3,"Typical","Spatz",2015.8,611.3,43.1,223399.5
"184",11,4,"Typical","Katze",1041,62.3,12.7,30726.7
"185",11,5,"Typical","Lachs",1002.3,61.1,7.3,31400.9
"186",11,6,"Typical","Klapperschlange",990,51,5.3,27477.5
"187",11,7,"Atypical","Seeloewe",2139,843.8,307.9,347378.1
"188",11,8,"Typical","Falke",1576.1,591.5,77,292949
"189",11,9,"Typical","Alligator",1063.7,113.4,21.1,68260
"190",11,10,"Atypical","Aal",2334.7,881.8,624.8,466953.1
"191",11,11,"Typical","Goldfisch",1021.8,97.9,15.6,55087.1
"192",11,12,"Atypical","Pinguin",1153.7,111.2,22.9,80843
"193",11,13,"Atypical","Fledermaus",1141.2,150.7,10.7,61830.1
"194",11,14,"Atypical","Schmetterling",1681.2,542.1,119.6,278317
"195",11,15,"Atypical","Wal",1072.6,202.6,12.7,115587
"196",11,16,"Typical","Pferd",1006.7,79.5,13.3,46398.2
"197",11,17,"Typical","Kaninchen",1301.3,41.1,21.2,19518.4
"198",11,18,"Typical","Hund",1042.7,109.1,13.5,51148.7
"199",11,19,"Typical","Hai",1361.2,155.1,13.9,103196.5
"200",12,1,"Typical","Katze",1532.2,22.5,5.1,15491.6
"201",12,2,"Typical","Kaninchen",1303.9,123.5,16.2,61995.3
"202",12,3,"Typical","Spatz",1151,22.3,3.1,9822.1
"203",12,4,"Atypical","Pinguin",1547,460.4,42.7,223020.5
"204",12,5,"Typical","Hund",963.4,51.5,22.1,19963.7
"205",12,6,"Typical","Hai",1292,177.9,25.5,42055.6
"206",12,7,"Typical","Chamaeleon",1304.4,28.5,2.5,19309.5
"207",12,8,"Typical","Pferd",1208.8,270.9,121.5,99036
"208",12,9,"Atypical","Aal",999.3,71.7,40.9,43090
"209",12,10,"Atypical","Seeloewe",1214.1,73.1,20.9,34110.8
"210",12,11,"Typical","Loewe",1110.2,22.5,4.3,15618.5
"211",12,12,"Typical","Lachs",1063.1,77.3,10.6,41085.5
"212",12,14,"Atypical","Schmetterling",1237.4,157.8,26.5,54142.8
"213",12,15,"Typical","Alligator",1374.1,100.6,19.4,64810.3
"214",12,17,"Atypical","Wal",2677.4,1181.8,278.1,727490
"215",12,18,"Typical","Goldfisch",1421,27.2,10.1,15034.1
"216",12,19,"Typical","Falke",2977.7,103.6,28.9,68892.4
"217",13,1,"Atypical","Wal",2190.3,838.6,231.3,221919.8
"218",13,2,"Typical","Chamaeleon",1302,234.1,49.3,82272.2
"219",13,3,"Atypical","Aal",2914.7,892.4,161.4,124634.8
"220",13,4,"Typical","Katze",1400.3,305.5,111.6,135631.5
"221",13,5,"Typical","Spatz",1165.3,148,51.5,71899.9
"222",13,6,"Typical","Goldfisch",1155.4,96.9,40.2,55916
"223",13,7,"Typical","Loewe",1021.4,55.6,8.4,29567.4
"224",13,8,"Typical","Hai",1327.8,157.2,72.1,74028.6
"225",13,9,"Typical","Hund",1293.8,133.4,37.9,88441.2
"226",13,10,"Atypical","Schmetterling",1036.4,95.2,34.8,31224.4
"227",13,11,"Atypical","Seeloewe",1017.1,104.7,44.8,44933.4
"228",13,12,"Typical","Klapperschlange",2474.7,945.7,372.5,367789
"229",13,13,"Typical","Pferd",975,139.9,14.7,73869.8
"230",13,14,"Typical","Falke",1238.4,208.5,58.5,109389.2
"231",13,15,"Atypical","Fledermaus",1349.2,299.6,117.2,114648.1
"232",13,16,"Atypical","Pinguin",1095.3,51.8,9.2,16658.8
"233",13,17,"Typical","Alligator",1189.5,205.7,124.9,94801.7
"234",13,18,"Typical","Lachs",947,103.7,37.9,64849.6
"235",13,19,"Typical","Kaninchen",1074.1,92.6,39.5,48801.9
"236",14,1,"Typical","Klapperschlange",1182.8,194.5,37.4,121584.9
"237",14,2,"Typical","Lachs",1117.8,207.1,79.3,102878.2
"238",14,3,"Typical","Goldfisch",1006.9,47,7.6,23174.3
"239",14,4,"Typical","Loewe",1015.7,38.5,11.1,21976
"240",14,6,"Typical","Falke",1138.2,126.3,52.1,84712
"241",14,7,"Typical","Kaninchen",2207.8,900.5,414.3,293109.3
"242",14,8,"Atypical","Fledermaus",1823.5,788.8,209.6,331375.6
"243",14,9,"Typical","Hund",1640.4,405.6,50.1,208631.6
"244",14,10,"Typical","Spatz",1114.8,41,7.4,19241.8
"245",14,11,"Typical","Pferd",1239.8,256.8,69.1,119883.6
"246",14,13,"Atypical","Wal",2069.6,865.6,193.2,473081.1
"247",14,14,"Atypical","Seeloewe",1124.8,98.7,32.6,80171.9
"248",14,15,"Typical","Chamaeleon",973,30.4,6.9,17697.5
"249",14,16,"Typical","Hai",1021.9,58.5,10,33204.3
"250",14,17,"Typical","Alligator",1132.8,199.8,64.5,68225.4
"251",14,18,"Atypical","Schmetterling",2158.3,906.7,222.5,469783.8
"252",14,19,"Atypical","Pinguin",1000.8,49.2,16.9,28775.2
"253",15,1,"Typical","Spatz",1063.6,27.3,3.3,16946.2
"254",15,2,"Typical","Katze",989.6,101,23.9,68162.7
"255",15,3,"Atypical","Wal",2390.8,1015.2,404,503519
"256",15,4,"Typical","Pferd",1144.7,213.7,37.6,135674
"257",15,6,"Typical","Loewe",1111.5,37,4.6,21754.2
"258",15,7,"Typical","Chamaeleon",1273.7,206,50.9,67610.9
"259",15,8,"Typical","Klapperschlange",2231.1,923.9,409.8,355658
"260",15,9,"Typical","Kaninchen",1119.9,161.7,22.1,120267.3
"261",15,10,"Typical","Lachs",1066.1,97.2,10,63514
"262",15,12,"Typical","Goldfisch",1019.9,81.2,10.4,39834.8
"263",15,13,"Atypical","Aal",1039.6,73.5,10,41887.5
"264",15,14,"Typical","Alligator",1011.2,32.7,3.3,14214
"265",15,15,"Typical","Hai",1027.6,83,9,46448.1
"266",15,16,"Atypical","Schmetterling",995.1,25.8,2.2,14993.3
"267",15,17,"Atypical","Fledermaus",979.5,36.5,4.5,16321.2
"268",15,18,"Typical","Falke",1037.9,108.9,14.3,63161
"269",15,19,"Typical","Hund",1896.9,769,157.2,439535
"270",16,1,"Typical","Katze",2477.5,525.3,245.6,219925.5
"271",16,2,"Typical","Spatz",995.7,125.2,38.6,52178
"272",16,3,"Typical","Pferd",3261,951.1,174.6,134006
"273",16,4,"Typical","Hund",1260,46.7,7.1,29362.4
"274",16,5,"Typical","Hai",1412.8,316.3,83.5,161658.5
"275",16,7,"Typical","Chamaeleon",1011.3,60.3,13.4,26981.5
"276",16,8,"Atypical","Fledermaus",2198.6,905.6,279.3,344461.6
"277",16,9,"Typical","Klapperschlange",1221.8,157.9,25.4,83950.3
"278",16,10,"Atypical","Schmetterling",1602.7,370.7,136.4,215201.9
"279",16,11,"Typical","Alligator",1086.8,120.6,25.3,38625.8
"280",16,14,"Atypical","Pinguin",1077.5,50.6,7.9,25987.1
"281",16,16,"Typical","Loewe",2005.3,874.7,238.9,415244
"282",16,17,"Typical","Goldfisch",1109.1,70.8,26.7,24286.6
"283",16,18,"Typical","Kaninchen",1066.7,80.8,26.6,29510.4
"284",16,19,"Typical","Lachs",1800.5,655.2,225.3,388176.5
"285",17,1,"Typical","Loewe",1404.3,180.8,28,51162
"286",17,2,"Atypical","Fledermaus",1067.5,74.3,8.1,45133.7
"287",17,3,"Typical","Lachs",1070.6,63.1,4.5,41302.6
"288",17,4,"Atypical","Seeloewe",1159.7,49.3,1.8,25062.3
"289",17,5,"Atypical","Aal",1200.3,154.3,3.8,112254.6
"290",17,6,"Typical","Chamaeleon",1195.2,142.1,22.6,107522.5
"291",17,7,"Typical","Alligator",957.1,64,12.4,32605.3
"292",17,8,"Typical","Kaninchen",1230.4,309.8,40.3,210543.5
"293",17,9,"Typical","Goldfisch",1396.7,332,39.1,254755.5
"294",17,10,"Typical","Pferd",1230.5,124.8,17.8,88505.4
"295",17,11,"Atypical","Schmetterling",1279.6,232.4,18.5,172931
"296",17,12,"Typical","Falke",1038.7,118.8,13.1,48103.8
"297",17,13,"Atypical","Pinguin",1527.7,82.1,5.1,68443.8
"298",17,14,"Atypical","Wal",1049.6,49.9,5.5,31168.6
"299",17,15,"Typical","Katze",1212.1,91.1,10.4,70204.7
"300",17,17,"Typical","Hund",1516.7,533.1,95.1,325062.5
"301",17,18,"Typical","Spatz",1079.9,98.8,4.4,49051.1
"302",17,19,"Typical","Hai",1274.4,349.4,41.4,231906
"303",18,1,"Typical","Hund",1387.6,117.4,24.5,101568.5
"304",18,2,"Typical","Lachs",1428.6,387.6,97.2,246386
"305",18,3,"Atypical","Aal",2691.3,836.1,306.4,120766.3
"306",18,4,"Typical","Klapperschlange",3206.6,951,411.2,-26782.5
"307",18,5,"Typical","Alligator",1403.1,149.2,23,60370.7
"308",18,6,"Typical","Spatz",1654.9,498,99.7,410539.5
"309",18,7,"Typical","Falke",1383.4,86,11.5,57097.6
"310",18,8,"Typical","Chamaeleon",1132.4,144.6,13.4,103017
"311",18,10,"Typical","Pferd",2294.1,997.5,173.1,609432
"312",18,11,"Atypical","Seeloewe",1187.9,40.1,8.8,21151.7
"313",18,12,"Typical","Loewe",1096.8,78.3,10.7,51059.8
"314",18,13,"Typical","Kaninchen",1322.7,62.8,8.2,45128.9
"315",18,14,"Atypical","Pinguin",991,44.7,9.3,27170.8
"316",18,15,"Typical","Katze",1098.4,55.6,8.7,30835.1
"317",18,16,"Typical","Goldfisch",1066.8,122.6,21.2,80985.5
"318",18,17,"Atypical","Fledermaus",2306.7,997.9,548.4,540164
"319",18,18,"Atypical","Wal",1184.2,96,15.4,75795.7
"320",18,19,"Atypical","Schmetterling",1028.5,66.3,19.9,35727.6
"321",19,1,"Typical","Lachs",1034.7,15.8,2.7,8029.8
"322",19,2,"Typical","Klapperschlange",2663.4,927.9,228,331041.5
"323",19,3,"Atypical","Fledermaus",1185.2,37,3.9,20119.3
"324",19,4,"Atypical","Seeloewe",1102.9,121.8,20.2,58782.2
"325",19,5,"Atypical","Pinguin",1055.5,65.5,16.1,37124.7
"326",19,6,"Typical","Pferd",1063.2,77.6,11.3,47090.3
"327",19,8,"Typical","Kaninchen",1078.4,31.2,5.4,22088.1
"328",19,9,"Atypical","Aal",1007.5,76.4,15.6,46792.3
"329",19,10,"Typical","Goldfisch",1198.9,93.5,19.5,42186.3
"330",19,11,"Typical","Katze",1107.6,87.7,17.9,57913.5
"331",19,12,"Typical","Chamaeleon",1221.4,53.3,8.6,40219.7
"332",19,13,"Typical","Alligator",1039.8,18.4,3.6,10364.6
"333",19,14,"Atypical","Schmetterling",1107.1,20.5,4.2,9651.8
"334",19,15,"Typical","Loewe",1093.7,14.9,1.8,7313.2
"335",19,16,"Atypical","Wal",3067,839,259.5,257472.4
"336",19,17,"Typical","Hund",1051,51.6,11.5,24745.7
"337",19,18,"Typical","Spatz",1277,55.9,7.9,42568.5
"338",19,19,"Typical","Falke",1101.3,93.4,20.3,45189.3
"339",20,1,"Typical","Katze",1376.2,186.2,41.9,118529
"340",20,2,"Typical","Hund",1135.6,121.4,27.6,52250.1
"341",20,3,"Typical","Lachs",1746.1,626.3,91.1,370372
"342",20,4,"Typical","Chamaeleon",1225.9,87.1,12,54776.2
"343",20,5,"Typical","Pferd",1134.6,53,5.5,31297
"344",20,6,"Atypical","Pinguin",1015.9,54.7,8.8,31968.5
"345",20,7,"Atypical","Schmetterling",1649.6,620.9,143.2,354424
"346",20,8,"Atypical","Fledermaus",1154.4,105,24,64729
"347",20,9,"Atypical","Aal",1013.8,41.8,6.4,15012.9
"348",20,10,"Typical","Hai",2258.8,991.8,528.3,541616.5
"349",20,11,"Typical","Goldfisch",1187.5,150.4,29.5,87087.9
"350",20,12,"Typical","Kaninchen",1091.5,51.5,10.5,29636.5
"351",20,13,"Atypical","Wal",1233.5,53.4,7.5,42502.5
"352",20,14,"Typical","Klapperschlange",1062.8,60.8,5.1,27524.4
"353",20,15,"Typical","Alligator",1068.2,48.3,8.2,27281.1
"354",20,16,"Typical","Loewe",1275.2,94.3,7.8,47446.7
"355",20,17,"Typical","Spatz",1054.5,42.4,10.6,22425.5
"356",20,18,"Atypical","Seeloewe",3057.7,921.6,205.7,179761.5
"357",20,19,"Typical","Falke",1117.8,44.9,2.7,17408.4
"358",21,1,"Typical","Goldfisch",1053,58.9,14.3,24254.8
"359",21,2,"Typical","Chamaeleon",1148.8,48.7,5.5,28351
"360",21,3,"Typical","Hai",2346.8,1007.6,215.4,498129.5
"361",21,4,"Atypical","Seeloewe",1033.9,23.7,2.1,15933.4
"362",21,5,"Typical","Katze",1341.3,381.9,39.7,181920.5
"363",21,6,"Atypical","Fledermaus",1070.4,130,21.4,48331
"364",21,7,"Typical","Hund",1370.9,37.7,7.8,24541
"365",21,8,"Atypical","Aal",2407.5,991.8,307.6,502549.5
"366",21,9,"Typical","Spatz",2520.1,1091.5,366.8,503236
"367",21,10,"Typical","Alligator",1255.6,59.2,6.6,51116
"368",21,11,"Atypical","Wal",2080.5,843.4,263.5,421851.5
"369",21,12,"Typical","Lachs",1113.3,45.7,7.5,22860.5
"370",21,13,"Typical","Loewe",2692,1171.2,150.3,510484.5
"371",21,14,"Typical","Falke",3225.4,901.8,187.8,24100.6
"372",21,15,"Typical","Kaninchen",1273.1,97,20.4,82685
"373",21,16,"Atypical","Schmetterling",2365.8,1009.6,286.4,521602
"374",21,18,"Atypical","Pinguin",4836.8,977.5,261.4,568123.4
"375",21,19,"Typical","Pferd",1199.3,73.7,12,53939
"376",22,1,"Typical","Pferd",1225.9,92.3,12.4,43838.9
"377",22,2,"Typical","Alligator",1146.9,167.9,24.4,91208.8
"378",22,3,"Typical","Hund",1013.2,54.5,5.5,28012.4
"379",22,5,"Atypical","Aal",1154.1,138.5,18.9,94588.6
"380",22,6,"Atypical","Pinguin",1163.9,106.4,20.9,71304.5
"381",22,7,"Typical","Chamaeleon",1356.6,88,15.9,56185.8
"382",22,8,"Typical","Klapperschlange",950.8,76.7,7,39098.6
"383",22,9,"Atypical","Schmetterling",1089.3,57.1,24.3,29126.5
"384",22,10,"Typical","Hai",1047,48.1,10.8,25562.2
"385",22,11,"Typical","Loewe",2254.8,942.8,221.5,430978.9
"386",22,12,"Typical","Falke",1224.1,166.5,42.2,77982
"387",22,13,"Atypical","Seeloewe",2106.2,745.4,94.7,295718.8
"388",22,15,"Typical","Spatz",1658.8,360,75,212661.8
"389",22,16,"Typical","Goldfisch",1203.5,94.4,42.6,52080.1
"390",22,17,"Typical","Kaninchen",1097.2,81.7,19.8,53625.5
"391",22,18,"Typical","Lachs",1070.1,24.5,7,13141
"392",22,19,"Typical","Katze",1238.3,145.1,28,91027.2
"393",23,1,"Atypical","Wal",1831.9,611.1,229,292183.1
"394",23,2,"Typical","Lachs",993.6,82.9,18.1,46268.3
"395",23,3,"Typical","Loewe",1769.8,680.4,144.3,401080.3
"396",23,4,"Atypical","Schmetterling",1179.1,253.8,25,165209.6
"397",23,5,"Atypical","Aal",1129.3,99.6,13.6,57116
"398",23,6,"Typical","Goldfisch",2060.2,666.5,107.2,492405.8
"399",23,7,"Atypical","Fledermaus",2036.3,785.7,239.3,467228.5
"400",23,8,"Typical","Klapperschlange",1100.7,80.2,22.4,48250
"401",23,9,"Typical","Kaninchen",1089.7,150.9,25.1,63849.4
"402",23,10,"Typical","Katze",1587.9,533.8,76.8,373781
"403",23,11,"Typical","Alligator",1133.6,98,19.4,56223.4
"404",23,12,"Typical","Chamaeleon",1034.8,173.6,26.3,103339.4
"405",23,13,"Typical","Hai",1096,160.7,62.6,94765.1
"406",23,14,"Typical","Hund",1174.9,40.5,3.6,16202.1
"407",23,15,"Typical","Pferd",1244.8,245.6,56.6,187170.6
"408",23,16,"Atypical","Pinguin",1005,124.9,28.7,67705
"409",23,17,"Atypical","Seeloewe",1311.8,340.1,57.9,145884.6
"410",23,18,"Typical","Spatz",1549.9,538.8,78.5,247148.5
"411",23,19,"Typical","Falke",2164.4,757,137.9,500468.6
"412",24,1,"Typical","Kaninchen",1062.1,35.2,11.7,21163
"413",24,2,"Atypical","Aal",1042.7,36,11.4,23152.8
"414",24,3,"Typical","Hai",1222.8,142.2,25.2,106285.2
"415",24,4,"Typical","Klapperschlange",1067.4,81.9,15.9,64832.1
"416",24,5,"Typical","Chamaeleon",1117.6,70.8,11.1,42744
"417",24,6,"Atypical","Schmetterling",1091.5,65.9,20.4,31269
"418",24,7,"Atypical","Fledermaus",1085.1,17.9,4.6,9729
"419",24,8,"Typical","Falke",1157.1,37.6,9.4,20162.1
"420",24,9,"Atypical","Seeloewe",2352.4,793.2,212.6,300554
"421",24,10,"Typical","Alligator",1183,101.9,24.7,43168.1
"422",24,11,"Typical","Spatz",1147.4,51.5,7.6,25177.2
"423",24,12,"Typical","Loewe",1045.3,40.4,7.1,18382.6
"424",24,13,"Typical","Hund",1136.4,118.8,25,80522
"425",24,14,"Typical","Lachs",1244.5,144.5,53.3,104056
"426",24,15,"Atypical","Pinguin",4172.1,295.2,64.1,204054.7
"427",24,16,"Atypical","Wal",1638.8,501.5,275.5,243283.2
"428",24,17,"Typical","Goldfisch",2294.2,977.5,141.7,549793
"429",24,18,"Typical","Katze",1083.5,52.5,8.6,33252.8
"430",24,19,"Typical","Pferd",1102.9,103.2,25.2,59703
"431",25,1,"Atypical","Wal",2380.9,908.9,326.1,504069.8
"432",25,2,"Typical","Hund",1513.6,240,57.5,133976.4
"433",25,4,"Typical","Lachs",1207.7,82.6,15,49318.7
"434",25,5,"Typical","Kaninchen",1275.8,188.1,84,132110
"435",25,6,"Typical","Klapperschlange",1316.4,36.2,10,24977.3
"436",25,7,"Typical","Falke",1253.4,121.3,19.8,58968.7
"437",25,8,"Atypical","Pinguin",3120.3,1228.9,302.1,498414.3
"438",25,9,"Typical","Alligator",2395.5,844.9,138.6,399649.8
"439",25,10,"Atypical","Schmetterling",1089.1,54.7,16.9,28846.2
"440",25,11,"Atypical","Aal",1295.4,48.2,5.6,21179.7
"441",25,12,"Typical","Spatz",1298,217.4,48.6,115777.7
"442",25,13,"Typical","Chamaeleon",2171.5,509.6,77.9,422608.7
"443",25,14,"Typical","Goldfisch",1145.5,46.4,7.5,26556.8
"444",25,16,"Typical","Loewe",1468.8,196.8,38.8,123116.5
"445",25,17,"Typical","Pferd",1695.3,498.2,105.7,282032.5
"446",25,18,"Typical","Katze",1231.3,112,22.6,88196.3
"447",25,19,"Typical","Hai",986.8,18.8,3.9,9149.3
"448",26,1,"Typical","Kaninchen",1271.3,50.8,7.4,37620
"449",26,2,"Atypical","Aal",1433,381.2,75.8,284091.7
"450",26,3,"Typical","Loewe",2386.1,954.3,281.6,592712
"451",26,5,"Typical","Hai",1427.2,265.1,54.8,123133.3
"452",26,6,"Typical","Pferd",1068.9,108.9,26.1,51537.7
"453",26,7,"Atypical","Schmetterling",1435.3,408.5,77.5,241486.6
"454",26,8,"Atypical","Seeloewe",2401.4,1011.3,369.2,521507.5
"455",26,9,"Atypical","Pinguin",2313.6,958.5,310.7,434557
"456",26,10,"Typical","Hund",2699,1143.9,325.2,600138.1
"457",26,11,"Typical","Spatz",2721.9,1215,345.1,730052.1
"458",26,12,"Typical","Katze",1144.9,28.3,7.7,17842
"459",26,13,"Typical","Chamaeleon",1144.7,71.3,21.9,41141.8
"460",26,14,"Typical","Goldfisch",1211.7,67.8,10.6,35654.6
"461",26,15,"Typical","Lachs",2427.1,834,173.8,208186.5
"462",26,16,"Typical","Falke",1140.5,86,12.8,37042.9
"463",26,17,"Atypical","Wal",1288.7,144.9,34.5,68793.3
"464",26,18,"Atypical","Fledermaus",1164.1,30.2,7.7,19765.9
"465",26,19,"Typical","Alligator",1399.8,72.5,14.6,63109.2
"466",27,1,"Typical","Hai",2336.9,991.1,291.8,534176
"467",27,2,"Atypical","Pinguin",1824.2,640.2,116.1,340709.1
"468",27,3,"Typical","Chamaeleon",1143.5,34.5,7.2,22500.5
"469",27,4,"Typical","Spatz",1056.6,27.5,5.1,13900.6
"470",27,5,"Typical","Kaninchen",1041.5,39.4,7,24297.4
"471",27,6,"Typical","Alligator",1048.8,15.5,2.6,7345.7
"472",27,7,"Typical","Goldfisch",1033.7,8.5,2.3,4511.5
"473",27,8,"Typical","Falke",1129.5,31.8,4.6,22333.6
"474",27,11,"Atypical","Schmetterling",3396,1009.7,178.2,27924.7
"475",27,12,"Atypical","Wal",2317.6,978.3,427.5,571611.7
"476",27,13,"Typical","Katze",1081.7,75.6,20.2,50264.5
"477",27,15,"Typical","Pferd",2354.5,992.2,299.4,608731
"478",27,16,"Typical","Lachs",1162.4,31.4,4.5,17459.8
"479",27,17,"Typical","Hund",2455.1,1051.4,253.6,568608.6
"480",27,18,"Typical","Loewe",2001.2,760.8,155.6,462134.3
"481",27,19,"Atypical","Aal",1114.1,35.2,2.7,17136.8
"482",28,1,"Atypical","Schmetterling",2577.7,1026.9,153.3,565182
"483",28,2,"Typical","Hund",1091.1,87.2,13.5,28423.9
"484",28,3,"Typical","Loewe",1124.7,44,4.6,27459
"485",28,5,"Typical","Goldfisch",1042.5,58.1,5.2,28182.4
"486",28,7,"Typical","Kaninchen",1080.6,71,9.3,32506
"487",28,8,"Atypical","Seeloewe",2252.8,665.2,184.8,240019.8
"488",28,9,"Atypical","Aal",1171,33.1,3.6,15078.7
"489",28,10,"Typical","Hai",1195.3,98,11.4,58373.9
"490",28,12,"Typical","Pferd",1631.9,540.8,82.1,319674.5
"491",28,13,"Typical","Falke",1070.1,39.8,3.9,19885.8
"492",28,14,"Typical","Alligator",3528,996.4,141.2,71793.1
"493",28,15,"Typical","Katze",1230.1,67.7,5,34426.5
"494",28,17,"Atypical","Pinguin",1136.9,69.6,8.7,37800.8
"495",28,18,"Typical","Lachs",1177.6,84.9,6,55235.6
"496",28,19,"Typical","Chamaeleon",1070.3,83.8,6.4,64361
"497",29,2,"Typical","Chamaeleon",1258.9,259.7,54.5,182714.6
"498",29,3,"Typical","Alligator",1127.3,93.7,17.2,25427.8
"499",29,4,"Atypical","Pinguin",997.8,159.5,38.3,79721.3
"500",29,5,"Typical","Falke",1020.5,50.5,7.3,29353
"501",29,6,"Typical","Hund",1021.6,88.3,26.7,46355
"502",29,7,"Typical","Pferd",1288.1,380.9,89.4,213161
"503",29,8,"Typical","Lachs",1198.3,69.5,9.8,38110.3
"504",29,9,"Typical","Loewe",1060.3,97,19,48537.4
"505",29,10,"Typical","Hai",2673.3,740.3,102.6,23361.3
"506",29,11,"Typical","Katze",1022.6,48.7,8.3,21708
"507",29,13,"Atypical","Schmetterling",2440.3,850.7,214.9,244528.6
"508",29,14,"Atypical","Seeloewe",1063.9,36.3,8.5,26492.9
"509",29,15,"Typical","Kaninchen",971.2,34.6,5.7,14851.5
"510",29,16,"Typical","Goldfisch",1132.3,170.9,35.9,81380.6
"511",29,18,"Typical","Spatz",1032.6,71.3,20.8,43497.4
"512",29,19,"Atypical","Aal",1160.9,277.4,75.1,100875.5
"513",30,2,"Atypical","Schmetterling",1084.5,77,13.8,32383.9
"514",30,3,"Typical","Spatz",1555.4,373.1,95.9,229888.1
"515",30,4,"Typical","Pferd",1163,126.5,25.4,82048
"516",30,5,"Typical","Alligator",1233.8,63.4,12.6,51928.4
"517",30,7,"Typical","Goldfisch",1030,56.4,12.1,27948.5
"518",30,8,"Atypical","Fledermaus",2189.7,895.3,423.5,462529
"519",30,9,"Typical","Hund",1024.7,31.6,5.5,21142.3
"520",30,10,"Typical","Falke",1004.9,43.2,8.8,20654.5
"521",30,11,"Atypical","Wal",2309.9,959.6,392.7,340431
"522",30,12,"Typical","Kaninchen",1260.4,191.8,40,110959.5
"523",30,13,"Typical","Lachs",1095,42.3,11.5,19021.5
"524",30,14,"Atypical","Pinguin",2045.1,854.9,221.4,450947.9
"525",30,15,"Typical","Loewe",1993.6,797.8,129.5,504927.5
"526",30,16,"Atypical","Seeloewe",2111,911,412.4,449394
"527",30,17,"Atypical","Aal",1901.2,728,145.1,418356.9
"528",30,18,"Typical","Katze",1056.5,58.7,10.6,31329.7
"529",30,19,"Typical","Hai",1385.9,144.5,32.1,22180
"530",31,1,"Typical","Klapperschlange",1052.4,108.6,14,69632
"531",31,2,"Atypical","Fledermaus",997.6,22.3,2.9,6340.3
"532",31,3,"Atypical","Schmetterling",970.9,40,5.9,15263.1
"533",31,4,"Atypical","Aal",1576.3,196.3,42.7,188628.1
"534",31,5,"Typical","Falke",1130.2,57.6,25.9,34543.6
"535",31,6,"Typical","Katze",1049.8,60.9,6.5,31445.6
"536",31,7,"Typical","Pferd",1041.5,59,12.8,30160.8
"537",31,8,"Atypical","Pinguin",1072.5,79,44.3,45586.4
"538",31,9,"Typical","Loewe",978.3,58.4,14.6,25560
"539",31,10,"Atypical","Seeloewe",1071.8,145.7,32.2,104234
"540",31,11,"Typical","Kaninchen",1700.2,296.5,33.9,269423.8
"541",31,12,"Typical","Chamaeleon",1027.1,64.5,17.5,40057.4
"542",31,13,"Typical","Spatz",1152.2,58.2,8.5,27742.8
"543",31,14,"Typical","Goldfisch",1417.2,212.1,38,196530.9
"544",31,15,"Atypical","Wal",973.7,59.1,4.3,26638.7
"545",31,16,"Typical","Alligator",1309.3,72.3,5.6,50638.9
"546",31,17,"Typical","Lachs",1018.9,53.7,3.9,26516.9
"547",31,18,"Typical","Hai",1091.1,25.6,5.4,11981.3
"548",31,19,"Typical","Hund",1072.1,91.3,15,62849.6
"549",32,1,"Typical","Katze",1110,106.4,27.9,61373.5
"550",32,2,"Typical","Lachs",1126.5,55.7,7.2,31057.4
"551",32,3,"Typical","Kaninchen",1063.7,32.8,3,19779.3
"552",32,4,"Typical","Hai",1178.7,59.1,8.3,32868.4
"553",32,5,"Typical","Alligator",1062.3,54,7.6,27423.9
"554",32,6,"Atypical","Fledermaus",2824.4,750.7,169.9,127752
"555",32,7,"Typical","Goldfisch",1188.2,45.4,3.7,24107.8
"556",32,8,"Typical","Hund",1171.4,35.8,5.8,17455.6
"557",32,9,"Atypical","Schmetterling",1193.6,39.2,5.8,31259.4
"558",32,10,"Atypical","Pinguin",3077,1001.9,456.2,247648.9
"559",32,11,"Typical","Loewe",1920.8,770,142.3,432295
"560",32,12,"Atypical","Seeloewe",1114.1,82.4,25.1,32763.7
"561",32,13,"Atypical","Wal",1048.5,31.1,7.4,20674.3
"562",32,15,"Atypical","Aal",1908.6,711.7,158.7,398011.6
"563",32,16,"Typical","Chamaeleon",1412,72.6,27.4,21642.3
"564",32,17,"Typical","Falke",1106.1,10.6,1.8,4225.2
"565",32,18,"Typical","Pferd",1223.2,79.9,9.7,48653.9
"566",32,19,"Typical","Spatz",1167,78.8,15.4,42789.5
"567",33,1,"Typical","Goldfisch",1309.4,321.1,66.7,207236
"568",33,2,"Typical","Loewe",989.7,69.4,12.9,33599.4
"569",33,3,"Typical","Falke",1208.6,50.7,8.5,19511.5
"570",33,4,"Atypical","Schmetterling",2373.9,1020.7,276.8,425017.9
"571",33,5,"Typical","Alligator",2507.6,1055.6,268.1,540075.6
"572",33,6,"Typical","Pferd",1115.3,198.2,45.4,93471.5
"573",33,7,"Typical","Chamaeleon",1242.4,64.1,4.4,37594.4
"574",33,8,"Typical","Lachs",1185.6,186.5,36.7,102584.4
"575",33,9,"Atypical","Wal",2192.2,921.7,289.3,486242.2
"576",33,10,"Typical","Kaninchen",2441.8,1039.6,264.8,588109.5
"577",33,11,"Atypical","Fledermaus",1391.9,367.8,76.6,255219.5
"578",33,12,"Typical","Klapperschlange",5449.5,1130.4,653.8,435383.5
"579",33,13,"Typical","Katze",1176.1,113.5,26.7,98588.4
"580",33,14,"Typical","Hund",1208.7,22.6,4.9,10572.7
"581",33,15,"Atypical","Seeloewe",3800.3,1074.2,412.3,-104760.6
"582",33,16,"Atypical","Pinguin",4919.4,991.9,331.3,273284.8
"583",33,17,"Typical","Hai",1099.7,61.8,9,37622.5
"584",33,18,"Typical","Spatz",2421.5,1014.7,198.8,627884.4
"585",33,19,"Atypical","Aal",1075.6,51.5,7.8,21315.3
"586",34,1,"Typical","Katze",1267.5,12.8,4.8,7043
"587",34,2,"Atypical","Aal",1094.8,86.4,21.4,48488.7
"588",34,3,"Typical","Goldfisch",5369.1,1255.2,149.5,1007983
"589",34,4,"Typical","Loewe",1077.1,54.3,14.6,32080
"590",34,5,"Typical","Klapperschlange",1056.7,114.8,25.9,39255
"591",34,6,"Typical","Pferd",1203,72.6,19.2,47508
"592",34,7,"Atypical","Pinguin",1079.9,17.5,2.3,11592.3
"593",34,8,"Typical","Chamaeleon",962,10.3,2,3659.4
"594",34,9,"Typical","Lachs",1160.8,69.9,6,40328.2
"595",34,10,"Atypical","Fledermaus",1282.5,218.3,34.2,98105.6
"596",34,11,"Typical","Hund",1400,86.8,10,56049.7
"597",34,12,"Atypical","Seeloewe",1192.9,187.9,33.1,99589.3
"598",34,13,"Atypical","Schmetterling",1142.5,79.3,19,45214
"599",34,14,"Atypical","Wal",2845.6,796.8,205.8,346997
"600",34,15,"Typical","Spatz",1034.7,111,11.4,69358.6
"601",34,16,"Typical","Hai",1332.1,136,12.2,44683.7
"602",34,17,"Typical","Alligator",946.9,62.7,14.2,25016.2
"603",34,18,"Typical","Falke",1273.1,294.5,54.5,143214.3
"604",34,19,"Typical","Kaninchen",1352.2,234.2,38.2,87325
"605",35,1,"Typical","Lachs",1001.8,45.9,11,22740.2
"606",35,2,"Typical","Kaninchen",963.5,52.2,12.2,31820.8
"607",35,3,"Atypical","Seeloewe",2498.9,840.2,294.7,168568.1
"608",35,4,"Typical","Hai",1107.6,153.1,74.2,102540.5
"609",35,5,"Typical","Hund",1081.1,87.7,18.6,57580.9
"610",35,6,"Typical","Goldfisch",1061.7,143.3,20.3,76802.1
"611",35,7,"Typical","Chamaeleon",1120.6,103.3,42.4,46448.5
"612",35,8,"Atypical","Wal",1116.2,96.6,63.8,66006.1
"613",35,9,"Atypical","Schmetterling",1137,233,57,84460.1
"614",35,10,"Typical","Spatz",1082.5,71.1,11.3,31950.4
"615",35,11,"Typical","Falke",1323.8,92.3,21.1,55411.8
"616",35,12,"Typical","Klapperschlange",1033.3,37.1,21.3,21033.9
"617",35,13,"Atypical","Fledermaus",1212.6,225.8,37.6,97430.3
"618",35,14,"Typical","Loewe",1044.9,31.3,11,13258.7
"619",35,15,"Typical","Katze",1044.6,41.4,7.8,17629.4
"620",35,16,"Typical","Alligator",1158.9,86.6,14.7,34685.1
"621",35,17,"Atypical","Pinguin",1016.2,23.5,1.7,13934.4
"622",35,18,"Atypical","Aal",988.6,21.1,3.9,7199.2
"623",35,19,"Typical","Pferd",1023.2,77.5,13.6,49403.2
"624",36,1,"Atypical","Pinguin",2339.4,943.9,158.8,336533.6
"625",36,2,"Atypical","Wal",2197.4,940.9,195.8,325138.5
"626",36,3,"Typical","Klapperschlange",2300.4,915,232.4,456667.4
"627",36,4,"Typical","Pferd",3367.4,825.4,177.2,191947.4
"628",36,5,"Typical","Hund",2290.9,799.5,218.5,506923.1
"629",36,7,"Typical","Goldfisch",2727,898,165.3,398075
"630",36,10,"Typical","Alligator",1060,75.3,11.7,38554.9
"631",36,15,"Typical","Kaninchen",1015.9,54.1,18.3,28592.6
"632",36,16,"Atypical","Seeloewe",1087,121.4,20.7,57670.2
"633",36,18,"Typical","Loewe",1259.2,172.7,10,125078.4
"634",36,19,"Atypical","Schmetterling",2114.4,889.7,393.4,504123.2
"635",37,1,"Typical","Loewe",1260.4,138.2,27.7,109941.5
"636",37,2,"Typical","Alligator",1207,131.1,17.3,81899.4
"637",37,3,"Typical","Hai",1862.4,614.8,142.6,306362.2
"638",37,4,"Atypical","Aal",1661.7,347.1,92.9,189689.4
"639",37,5,"Typical","Kaninchen",1077.6,75.9,9,57695.8
"640",37,6,"Atypical","Wal",1107.7,86.2,13.7,37908.2
"641",37,7,"Typical","Chamaeleon",1120.6,115.6,19.2,64153.5
"642",37,8,"Typical","Lachs",2570.7,1088.2,236.5,733305.5
"643",37,9,"Typical","Goldfisch",1902,768,160.4,418541.8
"644",37,10,"Typical","Pferd",1163.5,17.4,3.2,9760.6
"645",37,11,"Atypical","Pinguin",1807.5,718.9,160.4,303207.5
"646",37,12,"Typical","Hund",2064.5,738.5,141.2,553801.4
"647",37,13,"Atypical","Schmetterling",1531.6,343.8,49.8,294380.1
"648",37,14,"Typical","Falke",1117.7,99.9,8.9,63341
"649",37,15,"Typical","Spatz",2158.9,851.2,214.2,617269.5
"650",37,16,"Atypical","Fledermaus",1039.7,71,22.6,47941.5
"651",37,17,"Atypical","Seeloewe",1902.8,583.9,201.5,467120.7
"652",37,18,"Typical","Klapperschlange",1489,228.1,44.3,207682.4
"653",37,19,"Typical","Katze",2168.2,869.9,201.9,608015
"654",38,1,"Typical","Goldfisch",955.1,80.9,12.4,53189.8
"655",38,2,"Atypical","Aal",1153.6,112.8,29.9,45561.7
"656",38,3,"Typical","Spatz",1002.2,18.5,4.2,8176.6
"657",38,4,"Typical","Alligator",1037.7,174.6,29.7,118716.5
"658",38,5,"Typical","Hai",1057.5,152.7,36.5,74594.3
"659",38,6,"Typical","Lachs",1146.8,56.8,15.3,31278.3
"660",38,7,"Typical","Hund",1012.7,65.5,12.2,31807.9
"661",38,10,"Typical","Kaninchen",1030.4,80.3,12.6,40074.1
"662",38,11,"Typical","Pferd",1041.5,58.5,9,30253.6
"663",38,12,"Typical","Loewe",1002.4,76.6,9.3,34581
"664",38,13,"Typical","Chamaeleon",1051.4,36.4,2.3,12829.5
"665",38,14,"Atypical","Pinguin",2718.4,867.1,341,161022.2
"666",38,15,"Typical","Falke",1179,280.6,45.6,171900.5
"667",38,17,"Atypical","Seeloewe",1834.2,739.3,166.8,336559
"668",38,18,"Atypical","Wal",1286.9,304.1,56.8,227055
"669",38,19,"Typical","Katze",991.8,94.3,17.2,34839.3
"670",39,1,"Atypical","Aal",1068.2,61.6,5.7,25096.6
"671",39,2,"Typical","Pferd",1073.3,38.5,5.4,17126.4
"672",39,3,"Typical","Kaninchen",1071.2,65.8,9.8,31605.9
"673",39,4,"Typical","Goldfisch",1094.6,59,14.6,29346.9
"674",39,5,"Typical","Hai",1140.4,122.6,7.8,85934.3
"675",39,6,"Typical","Lachs",1107.6,87,10.3,40167.1
"676",39,7,"Atypical","Fledermaus",1698,136.2,33.9,24728.7
"677",39,8,"Atypical","Wal",1041.3,96,10,67653.5
"678",39,9,"Typical","Falke",1183.3,235.9,24.9,155564.5
"679",39,10,"Atypical","Pinguin",1624.8,314.1,24.3,222368.7
"680",39,11,"Typical","Loewe",1181,43.6,5.1,26465.3
"681",39,12,"Typical","Klapperschlange",3619.3,878.5,291,170947.6
"682",39,13,"Typical","Chamaeleon",1197.5,117,20.5,78328.3
"683",39,14,"Atypical","Schmetterling",1168.8,84.3,10.6,33471.5
"684",39,15,"Atypical","Seeloewe",1179.6,76.9,23.4,33743.7
"685",39,16,"Typical","Katze",1267.9,132.8,24.3,73163.7
"686",39,17,"Typical","Hund",1105.7,75.5,10.1,45417.8
"687",39,18,"Typical","Alligator",1591.5,149.2,15.4,148893.5
"688",39,19,"Typical","Spatz",1090,25.9,2.6,16125.5
"689",40,1,"Atypical","Wal",3147.3,851.5,434.6,105891
"690",40,3,"Typical","Klapperschlange",1758.3,504.5,85.4,208142.5
"691",40,4,"Typical","Spatz",1930.3,630.8,107.8,270007.8
"692",40,5,"Typical","Loewe",1186.7,320.1,98,145562
"693",40,6,"Typical","Chamaeleon",1239.6,121.4,29.7,37432.2
"694",40,7,"Atypical","Aal",1140.1,264.7,104.4,127903
"695",40,8,"Typical","Hai",2813.7,804.7,161.1,49937
"696",40,9,"Typical","Pferd",1359.9,310.8,63.6,172957.2
"697",40,10,"Atypical","Schmetterling",1355.6,295.7,76.1,150587.4
"698",40,11,"Typical","Alligator",1026.4,51,3,26448.3
"699",40,12,"Typical","Falke",1147.2,35,4.8,16895.1
"700",40,13,"Atypical","Seeloewe",977.8,93.5,27.7,41668
"701",40,14,"Typical","Goldfisch",1446.2,217.9,34.9,126013.5
"702",40,15,"Typical","Hund",1081,180.4,40.9,127607.5
"703",40,16,"Atypical","Pinguin",1074,139.3,22.2,46887.4
"704",40,17,"Typical","Kaninchen",933.2,51.2,18.8,26179.6
"705",40,18,"Typical","Katze",1003.4,125.3,26.4,67497.5
"706",40,19,"Typical","Lachs",1315.9,418.8,124.3,202005.9
"707",41,1,"Typical","Falke",1204.3,92.9,20,58831.1
"708",41,2,"Atypical","Aal",957.4,37.5,9.6,15289.4
"709",41,3,"Typical","Chamaeleon",1897.2,359.4,116.3,53169.4
"710",41,4,"Typical","Katze",985.9,45.6,7.7,20518.2
"711",41,5,"Typical","Pferd",1078.4,53,11,27842.7
"712",41,6,"Typical","Goldfisch",1072.3,74.8,12.4,57179.5
"713",41,7,"Atypical","Seeloewe",1027,156.9,24.9,69495.5
"714",41,8,"Typical","Loewe",2023.9,802.7,156.3,318231.5
"715",41,9,"Atypical","Schmetterling",1132.6,60,6.2,40670.1
"716",41,10,"Atypical","Fledermaus",2286.7,897.8,193.8,287612.7
"717",41,11,"Atypical","Wal",2160.7,760.7,145.1,219465.1
"718",41,12,"Typical","Hai",2198.2,924.9,306,479694.5
"719",41,13,"Typical","Hund",1136.9,128.9,20.3,85929.6
"720",41,14,"Atypical","Pinguin",1044.3,122.1,44.3,42445
"721",41,15,"Typical","Klapperschlange",1072.5,34,4.6,13786.5
"722",41,16,"Typical","Alligator",1191.9,229.7,82,107347.5
"723",41,17,"Typical","Kaninchen",947.7,25.1,4.1,9524.5
"724",41,18,"Typical","Lachs",1070.1,25.3,3.6,13108.9
"725",41,19,"Typical","Spatz",1954.5,691.1,117,359148.1
"726",42,2,"Typical","Kaninchen",1010,90,20,48757.5
"727",42,3,"Atypical","Fledermaus",2335.6,964.2,290.4,503947.2
"728",42,4,"Typical","Falke",1009.8,55.5,10.1,25233.1
"729",42,5,"Atypical","Pinguin",2086.8,868,353.6,415062.5
"730",42,6,"Atypical","Schmetterling",1166.4,38,7.7,20580.4
"731",42,7,"Typical","Chamaeleon",1035.9,30.2,3.4,14688.3
"732",42,8,"Typical","Hai",2012.7,834.5,165.1,416075
"733",42,9,"Typical","Goldfisch",1149.3,71.7,10.6,40790.3
"734",42,10,"Typical","Katze",1031.8,59.4,11.5,30428.5
"735",42,11,"Typical","Pferd",2059,649.6,118.7,391471.1
"736",42,12,"Typical","Lachs",1350.6,377.6,61.5,209224.8
"737",42,13,"Atypical","Seeloewe",1741.5,611.5,75.1,342833.1
"738",42,14,"Typical","Alligator",1314,294.7,90.8,166096.7
"739",42,15,"Typical","Spatz",2045.9,855.5,245.7,374263.1
"740",42,16,"Typical","Hund",1031.7,98.1,16.2,53438.1
"741",42,17,"Typical","Loewe",1149.2,75.3,9.5,43079.1
"742",42,18,"Atypical","Aal",1083.2,66.6,9.4,39147.6
"743",42,19,"Atypical","Wal",2074.5,872.3,339.6,481577.5
"744",43,1,"Typical","Hund",1046.2,145.3,41.6,64918.5
"745",43,2,"Typical","Katze",1398.4,386.2,59.5,135225.5
"746",43,3,"Typical","Chamaeleon",1108.4,104.1,17.4,54404.1
"747",43,4,"Atypical","Aal",1032.8,46.6,8.9,26999.3
"748",43,5,"Atypical","Wal",1778.6,652.2,270.5,233593
"749",43,6,"Typical","Goldfisch",1037.5,79,9.7,29279.4
"750",43,7,"Typical","Falke",992,76.9,15,44876.1
"751",43,8,"Typical","Loewe",1115.9,25.9,3.6,16337.7
"752",43,9,"Typical","Spatz",1122.5,21.3,4.2,7840.8
"753",43,10,"Typical","Klapperschlange",1014,30.9,4,16547
"754",43,11,"Typical","Hai",981.6,12.6,1.1,5582.2
"755",43,12,"Atypical","Schmetterling",990.3,43.6,9.8,22040.2
"756",43,13,"Atypical","Pinguin",1021.2,29.9,1.4,15442.2
"757",43,14,"Typical","Alligator",934.8,9,1.5,4270.7
"758",43,15,"Typical","Pferd",1033.2,67.6,13.2,31940.9
"759",43,16,"Atypical","Fledermaus",1013.6,38.8,3.6,15690.2
"760",43,17,"Typical","Lachs",1121.7,97,22.2,12196.8
"761",43,18,"Atypical","Seeloewe",1041.1,31,10.3,19799.6
"762",43,19,"Typical","Kaninchen",1030.2,82.5,7.8,51828.8
"763",44,1,"Typical","Falke",1034,113.8,17.7,75396.5
"764",44,2,"Typical","Pferd",1271.9,178.7,32.2,126503.9
"765",44,3,"Typical","Kaninchen",1191.9,171,22.9,73736.5
"766",44,4,"Typical","Spatz",1321.8,274.4,91.1,225542
"767",44,5,"Typical","Loewe",1184.4,253.7,58.7,154441.4
"768",44,7,"Typical","Goldfisch",1111.4,64.8,16.5,30671.5
"769",44,9,"Typical","Katze",1049.8,65.5,13.2,29569.5
"770",44,10,"Typical","Chamaeleon",1164.7,145.4,51,85861.2
"771",44,11,"Typical","Hund",1005.5,23.8,3.8,11169.7
"772",44,12,"Typical","Alligator",1405.6,165.5,27.7,156687
"773",44,13,"Atypical","Schmetterling",1085.4,155.6,22.1,109979.5
"774",44,15,"Atypical","Seeloewe",1254.7,54.5,22.1,40463.5
"775",44,16,"Atypical","Fledermaus",1265.7,207.6,39,113923.5
"776",44,17,"Typical","Klapperschlange",1130.1,53.2,7.8,26441.6
"777",44,18,"Atypical","Aal",1142.6,73.3,6.3,17259.2
"778",44,19,"Typical","Lachs",1123.7,55.3,12.3,35985
"779",45,1,"Typical","Pferd",1055.5,27.7,2.8,13015.9
"780",45,2,"Typical","Hai",1124,84.5,6.5,50594
"781",45,3,"Typical","Chamaeleon",1127.4,70.2,5.3,30985.6
"782",45,4,"Typical","Falke",1105.6,63.6,4.6,32249.2
"783",45,5,"Typical","Hund",1096.7,64.2,8.7,29913.1
"784",45,6,"Typical","Alligator",1272.6,35,6,20091.5
"785",45,7,"Typical","Loewe",1098,10.7,1.2,5362.3
"786",45,8,"Atypical","Wal",1080.3,47,7.4,31860.4
"787",45,9,"Typical","Lachs",1063.7,8.2,0.9,4656.4
"788",45,10,"Atypical","Aal",1182.1,82.4,8.5,43636.5
"789",45,11,"Atypical","Fledermaus",1203.7,90.3,8.6,58186
"790",45,12,"Typical","Goldfisch",1090.8,72.1,6.8,35781.2
"791",45,13,"Typical","Klapperschlange",1111,16.1,2.4,9925.9
"792",45,14,"Atypical","Seeloewe",1162.9,61.4,5.6,39943.6
"793",45,15,"Atypical","Schmetterling",1127.3,61.1,5.7,38316.7
"794",45,16,"Typical","Spatz",1031.7,67,10.3,41000
"795",45,17,"Typical","Kaninchen",1117.4,43.2,8.6,37408.8
"796",45,18,"Atypical","Pinguin",1143.6,30.4,2.9,19888
"797",45,19,"Typical","Katze",1124,60.1,10.7,28829.7
"798",46,1,"Typical","Katze",1079,76.3,6.6,26624.4
"799",46,2,"Typical","Falke",1097.5,57.7,3.7,29841.4
"800",46,3,"Typical","Hai",1165.1,100.2,24.4,34827
"801",46,5,"Atypical","Aal",1076.2,73.3,12,45302.4
"802",46,6,"Typical","Lachs",1005.6,16,2.1,8453.9
"803",46,7,"Typical","Hund",1009.2,23.2,5.9,12757
"804",46,8,"Atypical","Pinguin",5007.3,1001.4,291,471155
"805",46,9,"Typical","Spatz",1173.9,123.4,25,44862
"806",46,11,"Typical","Alligator",1034.7,68.3,8.4,36658.3
"807",46,12,"Typical","Chamaeleon",1107.5,100.3,9.1,68049.5
"808",46,13,"Typical","Kaninchen",1137.2,43.8,13.9,25741.1
"809",46,14,"Typical","Pferd",1157.3,71.7,10.9,36842.6
"810",46,15,"Atypical","Schmetterling",1223.5,103.5,14.2,80482.1
"811",46,17,"Atypical","Seeloewe",2173.6,911.4,375.7,455578.7
"812",46,18,"Typical","Loewe",2532.3,1034,246.7,325252.4
"813",46,19,"Typical","Goldfisch",1145.4,74.9,6.2,48056.2
"814",47,1,"Typical","Kaninchen",1108.3,133.3,25.8,77038.8
"815",47,2,"Typical","Loewe",1275.6,318.8,83.9,179825.1
"816",47,3,"Typical","Spatz",1179.2,195.6,26.6,133045.9
"817",47,4,"Typical","Goldfisch",1136.8,141.1,18.7,88044.5
"818",47,5,"Typical","Lachs",1246.1,272.8,70.5,136008.6
"819",47,6,"Typical","Falke",1267.9,278.5,52.8,148658.6
"820",47,7,"Atypical","Fledermaus",973.1,56.9,5.6,32366.8
"821",47,8,"Atypical","Wal",1334.1,322.9,70.6,169395.5
"822",47,9,"Atypical","Pinguin",1753.9,613.9,123.1,302781.2
"823",47,10,"Typical","Chamaeleon",1542.9,510.3,131.8,277327
"824",47,11,"Atypical","Aal",1167.1,53.4,27,38075.7
"825",47,12,"Typical","Pferd",1113.5,115.4,32.1,74393
"826",47,13,"Atypical","Seeloewe",1149.5,192.4,59.5,119220.7
"827",47,14,"Atypical","Schmetterling",1185.5,216.4,80.3,112990.1
"828",47,15,"Typical","Hai",1161.4,252.3,105.2,152504
"829",47,16,"Typical","Alligator",1048.5,48.7,15.1,24901.9
"830",47,17,"Typical","Klapperschlange",1084.8,73.5,33.5,34287
"831",47,18,"Typical","Hund",1279.2,136.1,28.5,108101.4
"832",47,19,"Typical","Katze",1045.7,55.3,16,40877.5
"833",48,2,"Atypical","Pinguin",1473.7,432,112.5,235936.5
"834",48,3,"Typical","Spatz",1103.7,110,14.8,66547
"835",48,4,"Typical","Goldfisch",1058.3,101.3,13,59451.1
"836",48,5,"Atypical","Seeloewe",1229,69.5,14.1,40554
"837",48,6,"Typical","Alligator",1049.8,61.3,5.1,23368.2
"838",48,7,"Typical","Katze",1108.8,72.5,11,45681
"839",48,8,"Typical","Hund",1147.6,125.3,14.5,76779.5
"840",48,9,"Atypical","Schmetterling",2219,924.3,215.1,517678.5
"841",48,10,"Typical","Klapperschlange",1129.4,143.6,27.1,95357
"842",48,11,"Typical","Hai",1301.3,274.7,42.1,152802.9
"843",48,12,"Atypical","Wal",1251,161.7,26.6,90170.2
"844",48,14,"Typical","Falke",1112,171.8,42.7,73571.7
"845",48,15,"Typical","Lachs",1940.7,763.2,209.1,470114.5
"846",48,16,"Typical","Kaninchen",1150.9,47,8.5,34719
"847",48,17,"Typical","Pferd",1043.2,63.3,17.7,35136.4
"848",48,18,"Typical","Loewe",1142.8,82.1,13.2,52842.3
"849",48,19,"Typical","Chamaeleon",1098.4,136,29.8,57856.8
"850",49,1,"Typical","Katze",1065.4,73,17.1,23516.4
"851",49,2,"Typical","Klapperschlange",2663.8,946,159.8,475305.3
"852",49,3,"Typical","Chamaeleon",3538,1019.4,343.1,90578.8
"853",49,6,"Atypical","Pinguin",3705.1,1025.5,217.7,-520.3
"854",49,7,"Typical","Lachs",1534.8,390.9,77.1,334098.3
"855",49,9,"Atypical","Seeloewe",1441.9,387.3,87.6,303548.5
"856",49,10,"Typical","Falke",1181,112.2,15.2,80824.4
"857",49,11,"Atypical","Aal",1074.9,154.1,21.8,97256
"858",49,12,"Typical","Pferd",1061.5,73,8.3,36227.3
"859",49,13,"Typical","Kaninchen",1086,49.5,11.4,27658.1
"860",49,14,"Typical","Goldfisch",1091.4,70.6,12,32832.7
"861",49,15,"Atypical","Schmetterling",1301.8,284.2,45.9,145323.5
"862",49,18,"Typical","Loewe",2467.3,940.7,201.9,199977
"863",49,19,"Typical","Hund",1289.6,204.8,42.3,152084
"864",50,1,"Typical","Hund",1020.7,28.1,12.6,15050.5
"865",50,2,"Atypical","Pinguin",2834.8,947.2,443.5,99821.4
"866",50,3,"Atypical","Aal",3663.3,931.6,174.3,102511.8
"867",50,4,"Typical","Loewe",1276.5,298.8,63.1,222163.5
"868",50,5,"Atypical","Schmetterling",1289.6,281.1,54.6,180716.7
"869",50,6,"Typical","Katze",1294,267.1,57.6,162970.9
"870",50,7,"Typical","Alligator",1088,144.5,55.2,94386
"871",50,8,"Typical","Klapperschlange",1031.3,49.2,22,22340.4
"872",50,9,"Typical","Pferd",1186.7,19,6,10806.6
"873",50,10,"Atypical","Seeloewe",2241,951.1,416.3,375030.5
"874",50,11,"Typical","Hai",1049.7,67.8,27.5,34182.8
"875",50,12,"Typical","Falke",1192.7,247.5,45.1,138075.5
"876",50,13,"Typical","Spatz",1253.1,240.2,67.1,179593
"877",50,14,"Typical","Lachs",1323.6,239.7,71.1,196262
"878",50,15,"Atypical","Wal",2091.3,875.4,57.8,453072.4
"879",50,16,"Atypical","Fledermaus",2106,371.3,153,134620.5
"880",50,17,"Typical","Goldfisch",1187.7,181.8,65.3,126572
"881",50,18,"Typical","Kaninchen",1632.4,388.1,109.9,364017.5
"882",50,19,"Typical","Chamaeleon",1213.8,147.7,40.9,51358.5
"883",51,1,"Typical","Katze",1193.4,54,5.2,30502.5
"884",51,2,"Typical","Hai",1168.6,94.4,24.7,28742.3
"885",51,3,"Atypical","Seeloewe",1127.4,49.3,4.5,28080
"886",51,4,"Atypical","Wal",1900.8,534.7,67.4,80002.7
"887",51,5,"Typical","Alligator",1387.4,166.1,23.1,81257.4
"888",51,6,"Atypical","Fledermaus",1049.7,65.6,11.7,28875
"889",51,7,"Typical","Klapperschlange",3291.4,920.4,304.2,19024.1
"890",51,8,"Atypical","Pinguin",1039.1,58.6,18.7,27282.8
"891",51,9,"Typical","Kaninchen",1411.8,110.9,19,55823
"892",51,10,"Typical","Hund",1078.2,82.5,11,44540.9
"893",51,11,"Typical","Spatz",1342.6,305.5,40.5,178574.1
"894",51,12,"Typical","Chamaeleon",1129.1,69.7,9.7,43494.6
"895",51,13,"Typical","Goldfisch",1017.3,33.6,5,18626.2
"896",51,14,"Atypical","Aal",1377.3,405.6,76.2,225471
"897",51,15,"Atypical","Schmetterling",980,16.6,3.1,7141.7
"898",51,16,"Typical","Loewe",1062.3,28,4.8,13820.7
"899",51,17,"Typical","Falke",1198.4,205.6,25.9,119836.6
"900",51,18,"Typical","Pferd",1021.6,57.3,7.6,33275.9
"901",51,19,"Typical","Lachs",1204.9,36,5.3,21634
"902",52,1,"Typical","Hund",1254.1,306.3,51.1,156042.7
"903",52,3,"Typical","Kaninchen",1066.1,81.5,13.5,57005.3
"904",52,4,"Atypical","Schmetterling",1086.8,20.3,4,9676.4
"905",52,5,"Typical","Falke",1319.1,298.4,47.5,152330
"906",52,6,"Typical","Spatz",1188,79.4,15,60317
"907",52,7,"Typical","Klapperschlange",1143.8,89.4,13.6,39294.6
"908",52,8,"Typical","Loewe",1029.3,21.4,4.7,7149.8
"909",52,9,"Typical","Katze",2582.5,119.8,22.1,51504.4
"910",52,10,"Typical","Goldfisch",1158,93.8,19.5,56999.3
"911",52,11,"Typical","Lachs",1297.9,57.7,10,23882.5
"912",52,12,"Typical","Chamaeleon",1124.5,97.5,15.4,59946.5
"913",52,13,"Atypical","Seeloewe",1115.2,105.8,16.8,71758.5
"914",52,14,"Typical","Pferd",1022.8,10.1,2,5094.1
"915",52,15,"Typical","Alligator",1205.6,36,6.2,19120.3
"916",52,16,"Atypical","Wal",1126.2,101.6,20,70500.6
"917",52,17,"Atypical","Aal",1118.2,96.7,17.2,49184.5
"918",52,18,"Atypical","Pinguin",1424.1,212.3,33.5,110396.5
"919",52,19,"Atypical","Fledermaus",1109,47.7,10.8,38256.5
"920",53,1,"Typical","Hund",1203.6,26.5,3.7,16116.6
"921",53,2,"Atypical","Schmetterling",983.3,73.8,16.9,26840.4
"922",53,3,"Typical","Kaninchen",1585.2,524.8,79.4,288073
"923",53,4,"Atypical","Wal",2156.8,910.9,452.6,423987.5
"924",53,5,"Typical","Loewe",1188.7,110.7,20.5,81976
"925",53,6,"Typical","Alligator",1044.4,49.7,9.4,17489.7
"926",53,7,"Atypical","Seeloewe",1103.4,53.5,13.8,23870.1
"927",53,8,"Atypical","Fledermaus",1964.5,600.1,200.2,198319.5
"928",53,9,"Typical","Spatz",1661.9,350.3,127,228607.4
"929",53,10,"Typical","Klapperschlange",1151.8,150.5,27.1,61193.9
"930",53,11,"Typical","Katze",1052.7,49.2,7.9,28367.9
"931",53,12,"Typical","Falke",886.8,58.4,4.7,22672.1
"932",53,13,"Typical","Chamaeleon",918.8,34.9,7.6,13916.9
"933",53,14,"Typical","Pferd",1127.5,39.9,5.7,21641.6
"934",53,15,"Typical","Lachs",1014.2,54.7,7.6,26344.2
"935",53,16,"Atypical","Pinguin",944.2,60.7,17,19189.9
"936",53,17,"Typical","Goldfisch",1032.4,31.3,4.7,20391.5
"937",53,18,"Typical","Hai",1183.9,130.9,42.3,59284.7
"938",53,19,"Atypical","Aal",983.8,134.6,42.3,51165.5
"939",54,2,"Typical","Hai",1119.4,82,22.8,27517.3
"940",54,3,"Typical","Falke",1656.6,386.3,112.6,204219.2
"941",54,4,"Atypical","Aal",1225.6,167.7,49.9,76117.5
"942",54,5,"Typical","Kaninchen",1281.7,179,41.7,65557.5
"943",54,6,"Typical","Loewe",1161.3,43.2,11.3,24159.5
"944",54,7,"Typical","Chamaeleon",1282.9,274.4,40.9,145067.6
"945",54,9,"Typical","Spatz",1308.9,268,87.7,164694.2
"946",54,10,"Typical","Pferd",2274.7,794.7,77.9,308199.5
"947",54,11,"Atypical","Schmetterling",2635.8,1013.3,303,569669.8
"948",54,12,"Typical","Hund",2748.1,1060.5,283.4,505665.3
"949",54,13,"Typical","Lachs",1866.7,636.9,130.9,200702.1
"950",54,14,"Atypical","Seeloewe",1502.9,318,72.4,199217.8
"951",54,15,"Typical","Goldfisch",1174,94.4,29.7,53475.6
"952",54,16,"Typical","Alligator",1230.7,199.5,64,117312.6
"953",54,17,"Typical","Klapperschlange",1063.6,44.1,6.8,22418.3
"954",54,18,"Typical","Katze",1281.9,147.5,20,65127.3
"955",54,19,"Atypical","Pinguin",1307.6,144.8,44.3,68496.8
"956",55,2,"Typical","Kaninchen",1212.2,119.4,30.3,72057.2
"957",55,3,"Atypical","Fledermaus",2697.8,486.9,151.1,47657.6
"958",55,4,"Typical","Spatz",1912.8,658.1,176.4,425954.7
"959",55,5,"Typical","Lachs",2217,884.5,221.9,560439.4
"960",55,6,"Typical","Goldfisch",1171.3,61,18.7,32312.9
"961",55,7,"Typical","Falke",1111.7,89.9,22.6,42262.6
"962",55,8,"Atypical","Seeloewe",1170.1,87.9,24.2,20383.2
"963",55,9,"Typical","Alligator",2100.6,787.1,147,410242
"964",55,10,"Typical","Hund",1151.1,69.1,21.7,49241.5
"965",55,11,"Typical","Pferd",1140,164.3,41.7,63035.6
"966",55,12,"Atypical","Aal",1226.2,206.9,39.8,100742.6
"967",55,13,"Atypical","Schmetterling",1159.5,44.1,16.7,30355.9
"968",55,14,"Atypical","Wal",1184.8,48.9,21.7,24470.3
"969",55,15,"Typical","Katze",1114.4,109,38.6,68812.6
"970",55,16,"Atypical","Pinguin",2413.7,1024.7,357.9,511312.3
"971",55,17,"Typical","Loewe",1104.9,98.5,38.2,71256.4
"972",55,18,"Typical","Chamaeleon",2263.8,898.6,197,470234
"973",56,1,"Typical","Goldfisch",1008.8,70.9,11.8,25207.4
"974",56,2,"Typical","Kaninchen",1058.1,118.4,19.6,53031
"975",56,3,"Atypical","Seeloewe",2432.8,902.7,275.5,286375.8
"976",56,4,"Typical","Chamaeleon",965.9,47.6,6.4,22429.6
"977",56,5,"Atypical","Fledermaus",1179.1,159.3,16.6,111111.6
"978",56,6,"Typical","Hai",1620.9,546,228.5,348264
"979",56,7,"Typical","Katze",1211.9,213.4,32.1,142396.5
"980",56,8,"Typical","Lachs",1081.1,52.2,6.4,27802.4
"981",56,9,"Typical","Falke",1393.9,390.6,59.1,228551.8
"982",56,10,"Typical","Hund",1247.9,47.8,3.9,23833.3
"983",56,11,"Typical","Klapperschlange",1192.6,61.9,15.7,31207.5
"984",56,12,"Typical","Alligator",1072.8,55.1,6.8,25648.9
"985",56,13,"Atypical","Schmetterling",1153.5,60.7,10,29843.5
"986",56,14,"Atypical","Wal",2557.6,900.6,221.2,144554.3
"987",56,15,"Atypical","Aal",1081.9,103,24.3,75249.4
"988",56,16,"Typical","Pferd",1380.3,92,15.6,48959.3
"989",56,17,"Typical","Loewe",1190.2,85.9,18.3,49673.5
"990",56,18,"Typical","Spatz",1057.9,86.1,10.7,54310.6
"991",56,19,"Atypical","Pinguin",2277.4,948.7,229.3,463346.5
"992",57,1,"Typical","Falke",1056.8,73.5,13.3,39398.4
"993",57,2,"Typical","Pferd",2125.4,881.7,261.3,445639
"994",57,4,"Typical","Goldfisch",1318.9,357.5,71.5,178248.8
"995",57,6,"Atypical","Pinguin",1044.4,40.9,4,19477
"996",57,7,"Typical","Loewe",973.2,34.1,6.1,16370
"997",57,8,"Atypical","Aal",967.2,61.2,5.2,35557.2
"998",57,9,"Atypical","Wal",1762.5,588.1,201.2,168258
"999",57,10,"Atypical","Schmetterling",1257.8,48.8,4.2,34502.4
"1000",57,11,"Typical","Hund",985.2,11.1,1.5,4753.6
"1001",57,12,"Typical","Spatz",1106.4,72.8,9.6,45305.4
"1002",57,13,"Typical","Klapperschlange",1088.7,61.8,9.4,35069.9
"1003",57,14,"Atypical","Seeloewe",991,23,7.9,13539.5
"1004",57,15,"Typical","Lachs",1045.7,34.4,6.2,16163.4
"1005",57,16,"Typical","Katze",961,30.5,5.1,17537
"1006",57,17,"Typical","Kaninchen",993.1,19.5,2.2,8953.1
"1007",57,18,"Typical","Chamaeleon",1830.8,695.8,173.8,359822.5
"1008",57,19,"Typical","Hai",1060.2,45.7,9.8,24564.8
"1009",58,1,"Typical","Falke",1183.9,173.1,23.4,113671.6
"1010",58,2,"Typical","Klapperschlange",1114.7,206.6,19.2,103168.3
"1011",58,3,"Typical","Loewe",1016.4,127.1,21.9,66624.7
"1012",58,4,"Typical","Pferd",1997.9,777.6,184.2,478008.5
"1013",58,5,"Atypical","Aal",1394.2,352.2,69.1,156770.5
"1014",58,6,"Atypical","Schmetterling",1272.6,288,30,198150
"1015",58,7,"Typical","Kaninchen",1132.7,79,16.3,45529.8
"1016",58,8,"Typical","Spatz",1132.7,106.4,21.9,63896.1
"1017",58,9,"Typical","Hund",1432.3,196,44.4,118593.3
"1018",58,10,"Typical","Goldfisch",1504.5,339,48.4,275310.9
"1019",58,11,"Atypical","Fledermaus",1510.9,240.2,60.4,112996.7
"1020",58,12,"Typical","Hai",1163.6,96.8,7.7,62537.2
"1021",58,13,"Typical","Lachs",1271.7,149.1,25.9,67451.9
"1022",58,14,"Atypical","Pinguin",2422.7,515.6,149.2,128811.4
"1023",58,15,"Typical","Chamaeleon",2073.6,612.7,108.8,198364.3
"1024",58,16,"Typical","Katze",1376,80.1,27.7,55413.8
"1025",58,17,"Atypical","Wal",1472.8,345,98.1,203228.5
"1026",58,18,"Typical","Alligator",1497.3,313.6,16.9,156528.2
"1027",58,19,"Atypical","Seeloewe",1400.3,99.7,19.1,64851
"1028",59,1,"Typical","Loewe",2042.1,866.4,168.9,404807.5
"1029",59,2,"Typical","Hai",1150.9,30.7,3.6,16710.5
"1030",59,3,"Atypical","Schmetterling",1050.3,25.3,8.3,11850.1
"1031",59,4,"Typical","Alligator",961.7,93.9,30.8,50636.1
"1032",59,5,"Atypical","Wal",1161.5,57.3,22.3,31121.6
"1033",59,6,"Typical","Spatz",979.2,21.9,3,11215.9
"1034",59,7,"Typical","Chamaeleon",1237.7,246.7,50.7,138323.5
"1035",59,8,"Typical","Kaninchen",1220.9,26.4,9.5,16012.7
"1036",59,9,"Typical","Falke",1080.8,58.2,10,39369
"1037",59,10,"Typical","Goldfisch",1146.5,92.9,26.1,37040.5
"1038",59,11,"Typical","Lachs",1382.8,312.4,104.2,167498.6
"1039",59,12,"Atypical","Seeloewe",1122.2,80.5,28.7,52741.1
"1040",59,13,"Typical","Pferd",1023.6,59.1,19.1,35811.1
"1041",59,15,"Typical","Katze",1182.2,235.9,38.4,165976
"1042",59,16,"Typical","Hund",1057.7,44.6,14,20411.5
"1043",59,17,"Atypical","Aal",1230.6,155,67.6,102165.7
"1044",59,18,"Atypical","Pinguin",1022.6,33.4,7.6,19289.5
"1045",59,19,"Typical","Klapperschlange",1304.4,162.8,34,88199
"1046",60,1,"Typical","Kaninchen",1145.7,30.5,2.4,15555.7
"1047",60,2,"Typical","Klapperschlange",1065,76.9,15.2,35620.5
"1048",60,3,"Atypical","Fledermaus",2234.7,883.2,238.4,470590.6
"1049",60,4,"Atypical","Seeloewe",1075.7,86.9,26.6,30941.2
"1050",60,5,"Typical","Falke",1204.3,122,18,82663
"1051",60,6,"Typical","Hund",1261.5,20.7,3.1,12981.9
"1052",60,7,"Typical","Hai",1127.4,69.9,11.1,44757
"1053",60,8,"Typical","Lachs",1247,52.2,8.2,31991.7
"1054",60,9,"Typical","Alligator",1134.4,56.2,19.2,33067.8
"1055",60,10,"Typical","Katze",1078.5,36,11.6,19633.7
"1056",60,11,"Typical","Goldfisch",1086.9,25.5,4.3,16486.5
"1057",60,12,"Typical","Spatz",1289.6,270.8,68.4,153014.4
"1058",60,13,"Typical","Pferd",1157,40,7.1,22088
"1059",60,14,"Atypical","Pinguin",2772.5,1017.8,401.6,438683.5
"1060",60,15,"Typical","Chamaeleon",1512.2,147.6,41.3,96660.9
"1061",60,16,"Atypical","Wal",4852,1042,584.1,398674.5
"1062",60,17,"Atypical","Aal",2855.4,1088.3,405.2,531948.5
"1063",60,18,"Typical","Loewe",1154.5,114.1,39,63222.3
"1064",60,19,"Atypical","Schmetterling",2511.5,991.2,372.7,629746.9
